Feature,Coefficient,Odds_Ratio,Absolute_Coefficient
cat__Internet_Service_Fiber optic,0.5856893464549828,1.7962287828991368,0.5856893464549828
cat__Payment_Method_Electronic check,0.39009380291499024,1.4771193454846638,0.39009380291499024
cat__Paperless_Billing_Yes,0.2990381033424526,1.3485610071758336,0.2990381033424526
num__Monthly_Charges,0.21566124188338634,1.2406820167008272,0.21566124188338634
cat__Partner_Yes,0.18368039548009107,1.2016317147908828,0.18368039548009107
cat__Multiple_Lines_Yes,0.17504779381406022,1.191303152173108,0.17504779381406022
num__Total_Charges,0.16398666319171892,1.178198601579072,0.16398666319171892
cat__Streaming_Movies_Yes,0.14998049530514077,1.1618115817269004,0.14998049530514077
cat__Streaming_TV_Yes,0.137001355568061,1.1468297031250614,0.137001355568061
num__CLTV,0.010921315924594008,1.010981171196344,0.010921315924594008
cat__Senior_Citizen_Yes,0.009431604176515162,1.0094762219171574,0.009431604176515162
cat__City_Petaluma,0.0,1.0,0.0
cat__City_Pescadero,0.0,1.0,0.0
num__Zip_Code,0.0,1.0,0.0
cat__City_Petrolia,0.0,1.0,0.0
cat__City_Phelan,0.0,1.0,0.0
cat__City_Philo,0.0,1.0,0.0
cat__City_Phillipsville,0.0,1.0,0.0
cat__City_Penngrove,0.0,1.0,0.0
cat__City_Perris,0.0,1.0,0.0
cat__City_Penryn,0.0,1.0,0.0
cat__City_Piercy,0.0,1.0,0.0
cat__City_Penn Valley,0.0,1.0,0.0
cat__City_Pebble Beach,0.0,1.0,0.0
cat__City_Pearblossom,0.0,1.0,0.0
cat__City_Paynes Creek,0.0,1.0,0.0
cat__City_Pauma Valley,0.0,1.0,0.0
cat__City_Pico Rivera,0.0,1.0,0.0
cat__City_Pinon Hills,0.0,1.0,0.0
cat__City_Pilot Hill,0.0,1.0,0.0
cat__City_Pismo Beach,0.0,1.0,0.0
cat__City_Platina,0.0,1.0,0.0
cat__City_Planada,0.0,1.0,0.0
cat__City_Placerville,0.0,1.0,0.0
cat__City_Placentia,0.0,1.0,0.0
cat__City_Pixley,0.0,1.0,0.0
cat__City_Pittsburg,0.0,1.0,0.0
cat__City_Piru,0.0,1.0,0.0
cat__City_Pine Grove,0.0,1.0,0.0
cat__City_Pioneertown,0.0,1.0,0.0
cat__City_Pioneer,0.0,1.0,0.0
cat__City_Paso Robles,0.0,1.0,0.0
cat__City_Pinole,0.0,1.0,0.0
cat__City_Pinecrest,0.0,1.0,0.0
cat__City_Pine Valley,0.0,1.0,0.0
cat__City_Patterson,0.0,1.0,0.0
cat__City_Paradise,0.0,1.0,0.0
cat__City_Paskenta,0.0,1.0,0.0
cat__City_Oro Grande,0.0,1.0,0.0
cat__City_Pacifica,0.0,1.0,0.0
cat__City_Pacific Palisades,0.0,1.0,0.0
cat__City_Pacific Grove,0.0,1.0,0.0
cat__City_Oxnard,0.0,1.0,0.0
cat__City_Oroville,0.0,1.0,0.0
cat__City_Orosi,0.0,1.0,0.0
cat__City_Orleans,0.0,1.0,0.0
cat__City_Pasadena,0.0,1.0,0.0
cat__City_Orland,0.0,1.0,0.0
cat__City_Orinda,0.0,1.0,0.0
cat__City_Orick,0.0,1.0,0.0
cat__City_Oregon House,0.0,1.0,0.0
cat__City_Orangevale,0.0,1.0,0.0
cat__City_Orange Cove,0.0,1.0,0.0
cat__City_Pacoima,0.0,1.0,0.0
cat__City_Paicines,0.0,1.0,0.0
cat__City_Pala,0.0,1.0,0.0
cat__City_Palermo,0.0,1.0,0.0
cat__City_Palm Desert,0.0,1.0,0.0
cat__City_Palm Springs,0.0,1.0,0.0
cat__City_Palmdale,0.0,1.0,0.0
cat__City_Palo Alto,0.0,1.0,0.0
cat__City_Palo Cedro,0.0,1.0,0.0
cat__City_Palo Verde,0.0,1.0,0.0
cat__City_Palomar Mountain,0.0,1.0,0.0
cat__City_Palos Verdes Peninsula,0.0,1.0,0.0
cat__City_Panorama City,0.0,1.0,0.0
cat__City_Pleasant Grove,0.0,1.0,0.0
cat__City_Paramount,0.0,1.0,0.0
cat__City_Parker Dam,0.0,1.0,0.0
cat__City_Parlier,0.0,1.0,0.0
cat__City_Playa Del Rey,0.0,1.0,0.0
cat__City_Pollock Pines,0.0,1.0,0.0
cat__City_Pleasant Hill,0.0,1.0,0.0
cat__City_Rialto,0.0,1.0,0.0
cat__City_Rio Linda,0.0,1.0,0.0
cat__City_Rio Dell,0.0,1.0,0.0
cat__City_Ridgecrest,0.0,1.0,0.0
cat__City_Richvale,0.0,1.0,0.0
cat__City_Richmond,0.0,1.0,0.0
cat__City_Richgrove,0.0,1.0,0.0
cat__City_Reseda,0.0,1.0,0.0
cat__City_Rio Oso,0.0,1.0,0.0
cat__City_Rescue,0.0,1.0,0.0
cat__City_Reedley,0.0,1.0,0.0
cat__City_Redwood Valley,0.0,1.0,0.0
cat__City_Redwood City,0.0,1.0,0.0
cat__City_Redway,0.0,1.0,0.0
cat__City_Redondo Beach,0.0,1.0,0.0
cat__City_Rio Nido,0.0,1.0,0.0
cat__City_Rio Vista,0.0,1.0,0.0
cat__City_Pleasanton,0.0,1.0,0.0
cat__City_Rosamond,0.0,1.0,0.0
cat__City_Running Springs,0.0,1.0,0.0
cat__City_Rowland Heights,0.0,1.0,0.0
cat__City_Round Mountain,0.0,1.0,0.0
cat__City_Rough And Ready,0.0,1.0,0.0
cat__City_Roseville,0.0,1.0,0.0
cat__City_Rosemead,0.0,1.0,0.0
cat__City_Rohnert Park,0.0,1.0,0.0
cat__City_Ripon,0.0,1.0,0.0
cat__City_Rodeo,0.0,1.0,0.0
cat__City_Rocklin,0.0,1.0,0.0
cat__City_Riverside,0.0,1.0,0.0
cat__City_Riverdale,0.0,1.0,0.0
cat__City_Riverbank,0.0,1.0,0.0
cat__City_River Pines,0.0,1.0,0.0
cat__City_Redlands,0.0,1.0,0.0
cat__City_Redding,0.0,1.0,0.0
cat__City_Redcrest,0.0,1.0,0.0
cat__City_Port Hueneme,0.0,1.0,0.0
cat__City_Potrero,0.0,1.0,0.0
cat__City_Posey,0.0,1.0,0.0
cat__City_Portola Valley,0.0,1.0,0.0
cat__City_Portola,0.0,1.0,0.0
cat__City_Porterville,0.0,1.0,0.0
cat__City_Porter Ranch,0.0,1.0,0.0
cat__City_Port Costa,0.0,1.0,0.0
cat__City_Red Bluff,0.0,1.0,0.0
cat__City_Pope Valley,0.0,1.0,0.0
cat__City_Pomona,0.0,1.0,0.0
cat__City_Onyx,0.0,1.0,0.0
cat__City_Point Reyes Station,0.0,1.0,0.0
cat__City_Point Arena,0.0,1.0,0.0
cat__City_Plymouth,0.0,1.0,0.0
cat__City_Potter Valley,0.0,1.0,0.0
cat__City_Poway,0.0,1.0,0.0
cat__City_Prather,0.0,1.0,0.0
cat__City_Princeton,0.0,1.0,0.0
cat__City_Quincy,0.0,1.0,0.0
cat__City_Raisin City,0.0,1.0,0.0
cat__City_Ramona,0.0,1.0,0.0
cat__City_Ranchita,0.0,1.0,0.0
cat__City_Rancho Cordova,0.0,1.0,0.0
cat__City_Rancho Cucamonga,0.0,1.0,0.0
cat__City_Rancho Mirage,0.0,1.0,0.0
cat__City_Rancho Palos Verdes,0.0,1.0,0.0
cat__City_Rancho Santa Fe,0.0,1.0,0.0
cat__City_Rancho Santa Margarita,0.0,1.0,0.0
cat__City_Randsburg,0.0,1.0,0.0
cat__City_Ravendale,0.0,1.0,0.0
cat__City_Raymond,0.0,1.0,0.0
cat__City_Orange,0.0,1.0,0.0
cat__City_Olancha,0.0,1.0,0.0
cat__City_Ontario,0.0,1.0,0.0
cat__City_Middletown,0.0,1.0,0.0
cat__City_Millbrae,0.0,1.0,0.0
cat__City_Mill Valley,0.0,1.0,0.0
cat__City_Mill Creek,0.0,1.0,0.0
cat__City_Milford,0.0,1.0,0.0
cat__City_Midway City,0.0,1.0,0.0
cat__City_Midpines,0.0,1.0,0.0
cat__City_Mi Wuk Village,0.0,1.0,0.0
cat__City_Milpitas,0.0,1.0,0.0
cat__City_Meridian,0.0,1.0,0.0
cat__City_Merced,0.0,1.0,0.0
cat__City_Mentone,0.0,1.0,0.0
cat__City_Menlo Park,0.0,1.0,0.0
cat__City_Menifee,0.0,1.0,0.0
cat__City_Mendota,0.0,1.0,0.0
cat__City_Millville,0.0,1.0,0.0
cat__City_Mineral,0.0,1.0,0.0
cat__City_Montgomery Creek,0.0,1.0,0.0
cat__City_Monrovia,0.0,1.0,0.0
cat__City_Monterey,0.0,1.0,0.0
cat__City_Montebello,0.0,1.0,0.0
cat__City_Monte Rio,0.0,1.0,0.0
cat__City_Montclair,0.0,1.0,0.0
cat__City_Montara,0.0,1.0,0.0
cat__City_Montague,0.0,1.0,0.0
cat__City_Mokelumne Hill,0.0,1.0,0.0
cat__City_Mira Loma,0.0,1.0,0.0
cat__City_Mojave,0.0,1.0,0.0
cat__City_Modesto,0.0,1.0,0.0
cat__City_Mission Viejo,0.0,1.0,0.0
cat__City_Mission Hills,0.0,1.0,0.0
cat__City_Miranda,0.0,1.0,0.0
cat__City_Miramonte,0.0,1.0,0.0
cat__City_Mendocino,0.0,1.0,0.0
cat__City_Mecca,0.0,1.0,0.0
cat__City_Meadow Vista,0.0,1.0,0.0
cat__City_Magalia,0.0,1.0,0.0
cat__City_Manton,0.0,1.0,0.0
cat__City_Manteca,0.0,1.0,0.0
cat__City_Manhattan Beach,0.0,1.0,0.0
cat__City_Manchester,0.0,1.0,0.0
cat__City_Mammoth Lakes,0.0,1.0,0.0
cat__City_Malibu,0.0,1.0,0.0
cat__City_Madison,0.0,1.0,0.0
cat__City_Meadow Valley,0.0,1.0,0.0
cat__City_Madera,0.0,1.0,0.0
cat__City_Madeline,0.0,1.0,0.0
cat__City_Mad River,0.0,1.0,0.0
cat__City_Macdoel,0.0,1.0,0.0
cat__City_Lytle Creek,0.0,1.0,0.0
num__Latitude,0.0,1.0,0.0
cat__City_March Air Reserve Base,0.0,1.0,0.0
cat__City_Maricopa,0.0,1.0,0.0
cat__City_Marina,0.0,1.0,0.0
cat__City_Marina Del Rey,0.0,1.0,0.0
cat__City_Mariposa,0.0,1.0,0.0
cat__City_Markleeville,0.0,1.0,0.0
cat__City_Marshall,0.0,1.0,0.0
cat__City_Martinez,0.0,1.0,0.0
cat__City_Marysville,0.0,1.0,0.0
cat__City_Mather,0.0,1.0,0.0
cat__City_Maxwell,0.0,1.0,0.0
cat__City_Maywood,0.0,1.0,0.0
cat__City_Mc Farland,0.0,1.0,0.0
cat__City_Mc Kittrick,0.0,1.0,0.0
cat__City_Mcarthur,0.0,1.0,0.0
cat__City_Mccloud,0.0,1.0,0.0
cat__City_Mckinleyville,0.0,1.0,0.0
cat__City_Monterey Park,0.0,1.0,0.0
cat__City_Montrose,0.0,1.0,0.0
cat__City_Olympic Valley,0.0,1.0,0.0
cat__City_North Hollywood,0.0,1.0,0.0
cat__City_Nubieber,0.0,1.0,0.0
cat__City_Novato,0.0,1.0,0.0
cat__City_Norwalk,0.0,1.0,0.0
cat__City_Northridge,0.0,1.0,0.0
cat__City_North San Juan,0.0,1.0,0.0
cat__City_North Palm Springs,0.0,1.0,0.0
cat__City_North Hills,0.0,1.0,0.0
cat__City_O Neals,0.0,1.0,0.0
cat__City_North Highlands,0.0,1.0,0.0
cat__City_North Fork,0.0,1.0,0.0
cat__City_Norco,0.0,1.0,0.0
cat__City_Nipton,0.0,1.0,0.0
cat__City_Nipomo,0.0,1.0,0.0
cat__City_Niland,0.0,1.0,0.0
cat__City_Nuevo,0.0,1.0,0.0
cat__City_Oak Park,0.0,1.0,0.0
cat__City_Moorpark,0.0,1.0,0.0
cat__City_Oceanside,0.0,1.0,0.0
cat__City_Olivehurst,0.0,1.0,0.0
cat__City_Olema,0.0,1.0,0.0
cat__City_Old Station,0.0,1.0,0.0
cat__City_Saint Helena,0.0,1.0,0.0
cat__City_Ojai,0.0,1.0,0.0
cat__City_Ocotillo,0.0,1.0,0.0
cat__City_Oceano,0.0,1.0,0.0
cat__City_Oak Run,0.0,1.0,0.0
cat__City_Occidental,0.0,1.0,0.0
cat__City_Oakley,0.0,1.0,0.0
cat__City_Oakland,0.0,1.0,0.0
cat__City_Oakhurst,0.0,1.0,0.0
cat__City_Oakdale,0.0,1.0,0.0
cat__City_Oak View,0.0,1.0,0.0
cat__City_Nicolaus,0.0,1.0,0.0
cat__City_Nice,0.0,1.0,0.0
cat__City_Nicasio,0.0,1.0,0.0
cat__City_Mount Hamilton,0.0,1.0,0.0
cat__City_Mountain View,0.0,1.0,0.0
cat__City_Mountain Ranch,0.0,1.0,0.0
cat__City_Mountain Center,0.0,1.0,0.0
cat__City_Mount Shasta,0.0,1.0,0.0
cat__City_Mount Laguna,0.0,1.0,0.0
cat__City_Mount Hermon,0.0,1.0,0.0
cat__City_Moss Landing,0.0,1.0,0.0
cat__City_Newport Coast,0.0,1.0,0.0
cat__City_Moss Beach,0.0,1.0,0.0
cat__City_Morro Bay,0.0,1.0,0.0
cat__City_Morongo Valley,0.0,1.0,0.0
cat__City_Morgan Hill,0.0,1.0,0.0
cat__City_Moreno Valley,0.0,1.0,0.0
cat__City_Moraga,0.0,1.0,0.0
cat__City_Mt Baldy,0.0,1.0,0.0
cat__City_Murphys,0.0,1.0,0.0
cat__City_Murrieta,0.0,1.0,0.0
cat__City_Myers Flat,0.0,1.0,0.0
cat__City_Napa,0.0,1.0,0.0
cat__City_National City,0.0,1.0,0.0
cat__City_Navarro,0.0,1.0,0.0
cat__City_Needles,0.0,1.0,0.0
cat__City_Nevada City,0.0,1.0,0.0
cat__City_New Cuyama,0.0,1.0,0.0
cat__City_Newark,0.0,1.0,0.0
cat__City_Newberry Springs,0.0,1.0,0.0
cat__City_Newbury Park,0.0,1.0,0.0
cat__City_Newcastle,0.0,1.0,0.0
cat__City_Newhall,0.0,1.0,0.0
cat__City_Newman,0.0,1.0,0.0
cat__City_Newport Beach,0.0,1.0,0.0
cat__City_Sacramento,0.0,1.0,0.0
cat__City_San Andreas,0.0,1.0,0.0
cat__City_Salida,0.0,1.0,0.0
cat__City_Upland,0.0,1.0,0.0
cat__City_Valley Center,0.0,1.0,0.0
cat__City_Vallejo,0.0,1.0,0.0
cat__City_Vallecito,0.0,1.0,0.0
cat__City_Valencia,0.0,1.0,0.0
cat__City_Vacaville,0.0,1.0,0.0
cat__City_Upper Lake,0.0,1.0,0.0
cat__City_Union City,0.0,1.0,0.0
cat__City_Valley Springs,0.0,1.0,0.0
cat__City_Ukiah,0.0,1.0,0.0
cat__City_Twin Bridges,0.0,1.0,0.0
cat__City_Twentynine Palms,0.0,1.0,0.0
cat__City_Twain Harte,0.0,1.0,0.0
cat__City_Twain,0.0,1.0,0.0
cat__City_Tustin,0.0,1.0,0.0
cat__City_Valley Ford,0.0,1.0,0.0
cat__City_Valley Village,0.0,1.0,0.0
cat__City_Warner Springs,0.0,1.0,0.0
cat__City_Vina,0.0,1.0,0.0
cat__City_Walnut Creek,0.0,1.0,0.0
cat__City_Walnut,0.0,1.0,0.0
cat__City_Wallace,0.0,1.0,0.0
cat__City_Volcano,0.0,1.0,0.0
cat__City_Vista,0.0,1.0,0.0
cat__City_Visalia,0.0,1.0,0.0
cat__City_Villa Park,0.0,1.0,0.0
cat__City_Valyermo,0.0,1.0,0.0
cat__City_Vidal,0.0,1.0,0.0
cat__City_Victorville,0.0,1.0,0.0
cat__City_Vernalis,0.0,1.0,0.0
cat__City_Ventura,0.0,1.0,0.0
cat__City_Venice,0.0,1.0,0.0
cat__City_Van Nuys,0.0,1.0,0.0
cat__City_Turlock,0.0,1.0,0.0
cat__City_Tupman,0.0,1.0,0.0
cat__City_Tuolumne,0.0,1.0,0.0
cat__City_Terra Bella,0.0,1.0,0.0
cat__City_Three Rivers,0.0,1.0,0.0
cat__City_Thousand Palms,0.0,1.0,0.0
cat__City_Thousand Oaks,0.0,1.0,0.0
cat__City_Thornton,0.0,1.0,0.0
cat__City_Thermal,0.0,1.0,0.0
cat__City_The Sea Ranch,0.0,1.0,0.0
cat__City_Termo,0.0,1.0,0.0
cat__City_Tulelake,0.0,1.0,0.0
cat__City_Templeton,0.0,1.0,0.0
cat__City_Temple City,0.0,1.0,0.0
cat__City_Temecula,0.0,1.0,0.0
cat__City_Tehama,0.0,1.0,0.0
cat__City_Tehachapi,0.0,1.0,0.0
cat__City_Tecopa,0.0,1.0,0.0
cat__City_Tipton,0.0,1.0,0.0
cat__City_Tollhouse,0.0,1.0,0.0
cat__City_Tomales,0.0,1.0,0.0
cat__City_Topanga,0.0,1.0,0.0
cat__City_Topaz,0.0,1.0,0.0
cat__City_Torrance,0.0,1.0,0.0
cat__City_Trabuco Canyon,0.0,1.0,0.0
cat__City_Tracy,0.0,1.0,0.0
cat__City_Tranquillity,0.0,1.0,0.0
cat__City_Traver,0.0,1.0,0.0
cat__City_Travis Afb,0.0,1.0,0.0
cat__City_Trinidad,0.0,1.0,0.0
cat__City_Trinity Center,0.0,1.0,0.0
cat__City_Trona,0.0,1.0,0.0
cat__City_Truckee,0.0,1.0,0.0
cat__City_Tujunga,0.0,1.0,0.0
cat__City_Tulare,0.0,1.0,0.0
cat__City_Walnut Grove,0.0,1.0,0.0
cat__City_Wasco,0.0,1.0,0.0
cat__City_Salinas,0.0,1.0,0.0
cat__City_Woodbridge,0.0,1.0,0.0
cat__City_Yermo,0.0,1.0,0.0
cat__City_Wrightwood,0.0,1.0,0.0
cat__City_Woody,0.0,1.0,0.0
cat__City_Woodland Hills,0.0,1.0,0.0
cat__City_Woodland,0.0,1.0,0.0
cat__City_Woodlake,0.0,1.0,0.0
cat__City_Woodacre,0.0,1.0,0.0
cat__City_Yorkville,0.0,1.0,0.0
cat__City_Wofford Heights,0.0,1.0,0.0
cat__City_Witter Springs,0.0,1.0,0.0
cat__City_Wishon,0.0,1.0,0.0
cat__City_Winton,0.0,1.0,0.0
cat__City_Winters,0.0,1.0,0.0
cat__City_Winterhaven,0.0,1.0,0.0
cat__City_Yorba Linda,0.0,1.0,0.0
cat__City_Yosemite National Park,0.0,1.0,0.0
cat__City_Washington,0.0,1.0,0.0
cat__Internet_Service_No,0.0,1.0,0.0
cat__Payment_Method_Credit card (automatic),0.0,1.0,0.0
cat__Streaming_Movies_No internet service,0.0,1.0,0.0
cat__Streaming_TV_No internet service,0.0,1.0,0.0
cat__Device_Protection_Yes,0.0,1.0,0.0
cat__Online_Backup_No internet service,0.0,1.0,0.0
cat__Online_Security_No internet service,0.0,1.0,0.0
cat__Multiple_Lines_No phone service,0.0,1.0,0.0
cat__City_Yountville,0.0,1.0,0.0
cat__Gender_Male,0.0,1.0,0.0
cat__City_Zenia,0.0,1.0,0.0
cat__City_Yucca Valley,0.0,1.0,0.0
cat__City_Yucaipa,0.0,1.0,0.0
cat__City_Yuba City,0.0,1.0,0.0
cat__City_Yreka,0.0,1.0,0.0
cat__City_Winnetka,0.0,1.0,0.0
cat__City_Windsor,0.0,1.0,0.0
cat__City_Winchester,0.0,1.0,0.0
cat__City_Weott,0.0,1.0,0.0
cat__City_Westlake Village,0.0,1.0,0.0
cat__City_West Sacramento,0.0,1.0,0.0
cat__City_West Point,0.0,1.0,0.0
cat__City_West Hollywood,0.0,1.0,0.0
cat__City_West Hills,0.0,1.0,0.0
cat__City_West Covina,0.0,1.0,0.0
cat__City_Wendel,0.0,1.0,0.0
cat__City_Wilton,0.0,1.0,0.0
cat__City_Weldon,0.0,1.0,0.0
cat__City_Weimar,0.0,1.0,0.0
cat__City_Weed,0.0,1.0,0.0
cat__City_Weaverville,0.0,1.0,0.0
cat__City_Watsonville,0.0,1.0,0.0
cat__City_Waterford,0.0,1.0,0.0
cat__City_Westley,0.0,1.0,0.0
cat__City_Westminster,0.0,1.0,0.0
cat__City_Westmorland,0.0,1.0,0.0
cat__City_Westport,0.0,1.0,0.0
cat__City_Westwood,0.0,1.0,0.0
cat__City_Wheatland,0.0,1.0,0.0
cat__City_White Water,0.0,1.0,0.0
cat__City_Whitethorn,0.0,1.0,0.0
cat__City_Whitmore,0.0,1.0,0.0
cat__City_Whittier,0.0,1.0,0.0
cat__City_Wildomar,0.0,1.0,0.0
cat__City_Williams,0.0,1.0,0.0
cat__City_Willits,0.0,1.0,0.0
cat__City_Willow Creek,0.0,1.0,0.0
cat__City_Willows,0.0,1.0,0.0
cat__City_Wilmington,0.0,1.0,0.0
cat__City_Wilseyville,0.0,1.0,0.0
cat__City_Tecate,0.0,1.0,0.0
cat__City_Taylorsville,0.0,1.0,0.0
cat__City_Tarzana,0.0,1.0,0.0
cat__City_Santa Clarita,0.0,1.0,0.0
cat__City_Santa Paula,0.0,1.0,0.0
cat__City_Santa Monica,0.0,1.0,0.0
cat__City_Santa Maria,0.0,1.0,0.0
cat__City_Santa Margarita,0.0,1.0,0.0
cat__City_Santa Fe Springs,0.0,1.0,0.0
cat__City_Santa Cruz,0.0,1.0,0.0
cat__City_Santa Clara,0.0,1.0,0.0
cat__City_Santa Ynez,0.0,1.0,0.0
cat__City_Santa Barbara,0.0,1.0,0.0
cat__City_Santa Ana,0.0,1.0,0.0
cat__City_Sanger,0.0,1.0,0.0
cat__City_San Ysidro,0.0,1.0,0.0
cat__City_San Simeon,0.0,1.0,0.0
cat__City_San Ramon,0.0,1.0,0.0
cat__City_Santa Rosa,0.0,1.0,0.0
cat__City_Santa Ysabel,0.0,1.0,0.0
cat__City_Tahoma,0.0,1.0,0.0
cat__City_Sebastopol,0.0,1.0,0.0
cat__City_Shandon,0.0,1.0,0.0
cat__City_Shafter,0.0,1.0,0.0
cat__City_Sequoia National Park,0.0,1.0,0.0
cat__City_Selma,0.0,1.0,0.0
cat__City_Seiad Valley,0.0,1.0,0.0
cat__City_Seeley,0.0,1.0,0.0
cat__City_Seaside,0.0,1.0,0.0
cat__City_Santee,0.0,1.0,0.0
cat__City_Seal Beach,0.0,1.0,0.0
cat__City_Scotts Valley,0.0,1.0,0.0
cat__City_Scott Bar,0.0,1.0,0.0
cat__City_Scotia,0.0,1.0,0.0
cat__City_Sausalito,0.0,1.0,0.0
cat__City_Saratoga,0.0,1.0,0.0
cat__City_San Rafael,0.0,1.0,0.0
cat__City_San Quentin,0.0,1.0,0.0
cat__City_San Pedro,0.0,1.0,0.0
cat__City_San Bruno,0.0,1.0,0.0
cat__City_San Francisco,0.0,1.0,0.0
cat__City_San Fernando,0.0,1.0,0.0
cat__City_San Dimas,0.0,1.0,0.0
cat__City_San Diego,0.0,1.0,0.0
cat__City_San Clemente,0.0,1.0,0.0
cat__City_San Carlos,0.0,1.0,0.0
cat__City_San Bernardino,0.0,1.0,0.0
cat__City_San Pablo,0.0,1.0,0.0
cat__City_San Ardo,0.0,1.0,0.0
cat__City_San Anselmo,0.0,1.0,0.0
cat__City_Lucerne Valley,0.0,1.0,0.0
cat__City_Samoa,0.0,1.0,0.0
cat__City_Salyer,0.0,1.0,0.0
cat__City_Salton City,0.0,1.0,0.0
cat__City_San Gabriel,0.0,1.0,0.0
cat__City_San Geronimo,0.0,1.0,0.0
cat__City_San Gregorio,0.0,1.0,0.0
cat__City_San Jacinto,0.0,1.0,0.0
cat__City_San Joaquin,0.0,1.0,0.0
cat__City_San Jose,0.0,1.0,0.0
cat__City_San Juan Bautista,0.0,1.0,0.0
cat__City_San Juan Capistrano,0.0,1.0,0.0
cat__City_San Leandro,0.0,1.0,0.0
cat__City_San Lorenzo,0.0,1.0,0.0
cat__City_San Lucas,0.0,1.0,0.0
cat__City_San Luis Obispo,0.0,1.0,0.0
cat__City_San Marcos,0.0,1.0,0.0
cat__City_San Marino,0.0,1.0,0.0
cat__City_San Martin,0.0,1.0,0.0
cat__City_San Mateo,0.0,1.0,0.0
cat__City_San Miguel,0.0,1.0,0.0
cat__City_Shasta,0.0,1.0,0.0
cat__City_Shasta Lake,0.0,1.0,0.0
cat__City_Shaver Lake,0.0,1.0,0.0
cat__City_Stockton,0.0,1.0,0.0
cat__City_Sugarloaf,0.0,1.0,0.0
cat__City_Studio City,0.0,1.0,0.0
cat__City_Strawberry Valley,0.0,1.0,0.0
cat__City_Strathmore,0.0,1.0,0.0
cat__City_Stratford,0.0,1.0,0.0
cat__City_Stonyford,0.0,1.0,0.0
cat__City_Stirling City,0.0,1.0,0.0
cat__City_Springville,0.0,1.0,0.0
cat__City_Stinson Beach,0.0,1.0,0.0
cat__City_Stevinson,0.0,1.0,0.0
cat__City_Stevenson Ranch,0.0,1.0,0.0
cat__City_Stanton,0.0,1.0,0.0
cat__City_Stanford,0.0,1.0,0.0
cat__City_Standish,0.0,1.0,0.0
cat__City_Suisun City,0.0,1.0,0.0
cat__City_Sultana,0.0,1.0,0.0
cat__City_Summerland,0.0,1.0,0.0
cat__City_Sun City,0.0,1.0,0.0
cat__City_Sun Valley,0.0,1.0,0.0
cat__City_Sunland,0.0,1.0,0.0
cat__City_Sunnyvale,0.0,1.0,0.0
cat__City_Sunol,0.0,1.0,0.0
cat__City_Sunset Beach,0.0,1.0,0.0
cat__City_Surfside,0.0,1.0,0.0
cat__City_Susanville,0.0,1.0,0.0
cat__City_Sutter,0.0,1.0,0.0
cat__City_Sutter Creek,0.0,1.0,0.0
cat__City_Sylmar,0.0,1.0,0.0
cat__City_Taft,0.0,1.0,0.0
cat__City_Tahoe City,0.0,1.0,0.0
cat__City_Tahoe Vista,0.0,1.0,0.0
cat__City_Squaw Valley,0.0,1.0,0.0
cat__City_Spring Valley,0.0,1.0,0.0
cat__City_Sheep Ranch,0.0,1.0,0.0
cat__City_Sierraville,0.0,1.0,0.0
cat__City_Snelling,0.0,1.0,0.0
cat__City_Smith River,0.0,1.0,0.0
cat__City_Smartville,0.0,1.0,0.0
cat__City_Sloughhouse,0.0,1.0,0.0
cat__City_Simi Valley,0.0,1.0,0.0
cat__City_Silverado,0.0,1.0,0.0
cat__City_Sierra Madre,0.0,1.0,0.0
cat__City_Spreckels,0.0,1.0,0.0
cat__City_Sierra City,0.0,1.0,0.0
cat__City_Shoshone,0.0,1.0,0.0
cat__City_Shingletown,0.0,1.0,0.0
cat__City_Shingle Springs,0.0,1.0,0.0
cat__City_Sherman Oaks,0.0,1.0,0.0
cat__City_Sheridan,0.0,1.0,0.0
cat__City_Soda Springs,0.0,1.0,0.0
cat__City_Solana Beach,0.0,1.0,0.0
cat__City_Soledad,0.0,1.0,0.0
cat__City_Solvang,0.0,1.0,0.0
cat__City_Somerset,0.0,1.0,0.0
cat__City_Somes Bar,0.0,1.0,0.0
cat__City_Somis,0.0,1.0,0.0
cat__City_Sonoma,0.0,1.0,0.0
cat__City_Sonora,0.0,1.0,0.0
cat__City_Soquel,0.0,1.0,0.0
cat__City_Soulsbyville,0.0,1.0,0.0
cat__City_South Dos Palos,0.0,1.0,0.0
cat__City_South El Monte,0.0,1.0,0.0
cat__City_South Gate,0.0,1.0,0.0
cat__City_South Lake Tahoe,0.0,1.0,0.0
cat__City_South Pasadena,0.0,1.0,0.0
cat__City_South San Francisco,0.0,1.0,0.0
cat__City_Ludlow,0.0,1.0,0.0
cat__City_Lynwood,0.0,1.0,0.0
cat__City_Lucerne,0.0,1.0,0.0
cat__City_Chino Hills,0.0,1.0,0.0
cat__City_Clarksburg,0.0,1.0,0.0
cat__City_Claremont,0.0,1.0,0.0
cat__City_Citrus Heights,0.0,1.0,0.0
cat__City_Chula Vista,0.0,1.0,0.0
cat__City_Chualar,0.0,1.0,0.0
cat__City_Chowchilla,0.0,1.0,0.0
cat__City_Chino,0.0,1.0,0.0
cat__City_Clearlake,0.0,1.0,0.0
cat__City_Chilcoot,0.0,1.0,0.0
cat__City_Chico,0.0,1.0,0.0
cat__City_Chester,0.0,1.0,0.0
cat__City_Chatsworth,0.0,1.0,0.0
cat__City_Challenge,0.0,1.0,0.0
cat__City_Cerritos,0.0,1.0,0.0
cat__City_Clayton,0.0,1.0,0.0
cat__City_Clearlake Oaks,0.0,1.0,0.0
cat__City_Cedarville,0.0,1.0,0.0
cat__City_Cobb,0.0,1.0,0.0
cat__City_Comptche,0.0,1.0,0.0
cat__City_Colusa,0.0,1.0,0.0
cat__City_Columbia,0.0,1.0,0.0
cat__City_Colton,0.0,1.0,0.0
cat__City_Colfax,0.0,1.0,0.0
cat__City_Coleville,0.0,1.0,0.0
cat__City_Coarsegold,0.0,1.0,0.0
cat__City_Clements,0.0,1.0,0.0
cat__City_Coalinga,0.0,1.0,0.0
cat__City_Coachella,0.0,1.0,0.0
cat__City_Clovis,0.0,1.0,0.0
cat__City_Cloverdale,0.0,1.0,0.0
cat__City_Clipper Mills,0.0,1.0,0.0
cat__City_Clio,0.0,1.0,0.0
cat__City_Ceres,0.0,1.0,0.0
cat__City_Cedar Glen,0.0,1.0,0.0
cat__City_Concord,0.0,1.0,0.0
cat__City_Canyon Country,0.0,1.0,0.0
cat__City_Carlotta,0.0,1.0,0.0
cat__City_Cardiff By The Sea,0.0,1.0,0.0
cat__City_Capitola,0.0,1.0,0.0
cat__City_Capistrano Beach,0.0,1.0,0.0
cat__City_Capay,0.0,1.0,0.0
cat__City_Canyon Dam,0.0,1.0,0.0
cat__City_Cantua Creek,0.0,1.0,0.0
cat__City_Carmel,0.0,1.0,0.0
cat__City_Canoga Park,0.0,1.0,0.0
cat__City_Canby,0.0,1.0,0.0
cat__City_Camptonville,0.0,1.0,0.0
cat__City_Campo Seco,0.0,1.0,0.0
cat__City_Campo,0.0,1.0,0.0
cat__City_Campbell,0.0,1.0,0.0
cat__City_Carlsbad,0.0,1.0,0.0
cat__City_Carmel By The Sea,0.0,1.0,0.0
cat__City_Cayucos,0.0,1.0,0.0
cat__City_Cassel,0.0,1.0,0.0
cat__City_Catheys Valley,0.0,1.0,0.0
cat__City_Cathedral City,0.0,1.0,0.0
cat__City_Castroville,0.0,1.0,0.0
cat__City_Castro Valley,0.0,1.0,0.0
cat__City_Castella,0.0,1.0,0.0
cat__City_Castaic,0.0,1.0,0.0
cat__City_Caspar,0.0,1.0,0.0
cat__City_Carmel Valley,0.0,1.0,0.0
cat__City_Casmalia,0.0,1.0,0.0
cat__City_Caruthers,0.0,1.0,0.0
cat__City_Carson,0.0,1.0,0.0
cat__City_Carpinteria,0.0,1.0,0.0
cat__City_Carnelian Bay,0.0,1.0,0.0
cat__City_Carmichael,0.0,1.0,0.0
cat__City_Compton,0.0,1.0,0.0
cat__City_Cool,0.0,1.0,0.0
cat__City_Edwards,0.0,1.0,0.0
cat__City_Diamond Springs,0.0,1.0,0.0
cat__City_Dos Palos,0.0,1.0,0.0
cat__City_Dorris,0.0,1.0,0.0
cat__City_Dobbins,0.0,1.0,0.0
cat__City_Dixon,0.0,1.0,0.0
cat__City_Dinuba,0.0,1.0,0.0
cat__City_Dillon Beach,0.0,1.0,0.0
cat__City_Diamond Bar,0.0,1.0,0.0
cat__City_Douglas City,0.0,1.0,0.0
cat__City_Desert Hot Springs,0.0,1.0,0.0
cat__City_Desert Center,0.0,1.0,0.0
cat__City_Descanso,0.0,1.0,0.0
cat__City_Denair,0.0,1.0,0.0
cat__City_Delhi,0.0,1.0,0.0
cat__City_Delano,0.0,1.0,0.0
cat__City_Dos Rios,0.0,1.0,0.0
cat__City_Downey,0.0,1.0,0.0
cat__City_Del Mar,0.0,1.0,0.0
cat__City_Dunnigan,0.0,1.0,0.0
cat__City_Earp,0.0,1.0,0.0
cat__City_Earlimart,0.0,1.0,0.0
cat__City_Eagleville,0.0,1.0,0.0
cat__City_Loyalton,0.0,1.0,0.0
cat__City_Durham,0.0,1.0,0.0
cat__City_Dunsmuir,0.0,1.0,0.0
cat__City_Dunlap,0.0,1.0,0.0
cat__City_Downieville,0.0,1.0,0.0
cat__City_Duncans Mills,0.0,1.0,0.0
cat__City_Dulzura,0.0,1.0,0.0
cat__City_Ducor,0.0,1.0,0.0
cat__City_Dublin,0.0,1.0,0.0
cat__City_Duarte,0.0,1.0,0.0
cat__City_Doyle,0.0,1.0,0.0
cat__City_Del Rey,0.0,1.0,0.0
cat__City_Deer Park,0.0,1.0,0.0
cat__City_Copperopolis,0.0,1.0,0.0
cat__City_Cotati,0.0,1.0,0.0
cat__City_Crescent City,0.0,1.0,0.0
cat__City_Covina,0.0,1.0,0.0
cat__City_Covelo,0.0,1.0,0.0
cat__City_Courtland,0.0,1.0,0.0
cat__City_Coulterville,0.0,1.0,0.0
cat__City_Cottonwood,0.0,1.0,0.0
cat__City_Costa Mesa,0.0,1.0,0.0
cat__City_Cressey,0.0,1.0,0.0
cat__City_Corte Madera,0.0,1.0,0.0
cat__City_Coronado,0.0,1.0,0.0
cat__City_Corona Del Mar,0.0,1.0,0.0
cat__City_Corona,0.0,1.0,0.0
cat__City_Corning,0.0,1.0,0.0
cat__City_Corcoran,0.0,1.0,0.0
cat__City_Crescent Mills,0.0,1.0,0.0
cat__City_Crestline,0.0,1.0,0.0
cat__City_Death Valley,0.0,1.0,0.0
cat__City_Daly City,0.0,1.0,0.0
cat__City_Davis Creek,0.0,1.0,0.0
cat__City_Davis,0.0,1.0,0.0
cat__City_Davenport,0.0,1.0,0.0
cat__City_Darwin,0.0,1.0,0.0
cat__City_Danville,0.0,1.0,0.0
cat__City_Dana Point,0.0,1.0,0.0
cat__City_Daggett,0.0,1.0,0.0
cat__City_Creston,0.0,1.0,0.0
cat__City_Cypress,0.0,1.0,0.0
cat__City_Cutler,0.0,1.0,0.0
cat__City_Cupertino,0.0,1.0,0.0
cat__City_Culver City,0.0,1.0,0.0
cat__City_Crows Landing,0.0,1.0,0.0
cat__City_Crockett,0.0,1.0,0.0
cat__City_Camp Nelson,0.0,1.0,0.0
cat__City_Camino,0.0,1.0,0.0
cat__City_Cambria,0.0,1.0,0.0
cat__City_Atascadero,0.0,1.0,0.0
cat__City_Avenal,0.0,1.0,0.0
cat__City_Avalon,0.0,1.0,0.0
cat__City_Auburn,0.0,1.0,0.0
cat__City_Auberry,0.0,1.0,0.0
cat__City_Atwater,0.0,1.0,0.0
cat__City_Atherton,0.0,1.0,0.0
cat__City_Arvin,0.0,1.0,0.0
cat__City_Avila Beach,0.0,1.0,0.0
cat__City_Artesia,0.0,1.0,0.0
cat__City_Arroyo Grande,0.0,1.0,0.0
cat__City_Aromas,0.0,1.0,0.0
cat__City_Arnold,0.0,1.0,0.0
cat__City_Armona,0.0,1.0,0.0
cat__City_Arcata,0.0,1.0,0.0
cat__City_Avery,0.0,1.0,0.0
cat__City_Azusa,0.0,1.0,0.0
cat__City_Arbuckle,0.0,1.0,0.0
cat__City_Bass Lake,0.0,1.0,0.0
cat__City_Bellflower,0.0,1.0,0.0
cat__City_Bella Vista,0.0,1.0,0.0
cat__City_Bell,0.0,1.0,0.0
cat__City_Beaumont,0.0,1.0,0.0
cat__City_Beale Afb,0.0,1.0,0.0
cat__City_Bayside,0.0,1.0,0.0
cat__City_Barstow,0.0,1.0,0.0
cat__City_Badger,0.0,1.0,0.0
cat__City_Banning,0.0,1.0,0.0
cat__City_Bangor,0.0,1.0,0.0
cat__City_Ballico,0.0,1.0,0.0
cat__City_Baldwin Park,0.0,1.0,0.0
cat__City_Bakersfield,0.0,1.0,0.0
cat__City_Baker,0.0,1.0,0.0
cat__City_Arcadia,0.0,1.0,0.0
cat__City_Aptos,0.0,1.0,0.0
cat__City_Camarillo,0.0,1.0,0.0
cat__City_Alamo,0.0,1.0,0.0
cat__City_Alleghany,0.0,1.0,0.0
cat__City_Aliso Viejo,0.0,1.0,0.0
cat__City_Alhambra,0.0,1.0,0.0
cat__City_Alderpoint,0.0,1.0,0.0
cat__City_Albion,0.0,1.0,0.0
cat__City_Albany,0.0,1.0,0.0
cat__City_Alameda,0.0,1.0,0.0
cat__City_Alpine,0.0,1.0,0.0
cat__City_Ahwahnee,0.0,1.0,0.0
cat__City_Aguanga,0.0,1.0,0.0
cat__City_Agoura Hills,0.0,1.0,0.0
cat__City_Adin,0.0,1.0,0.0
cat__City_Adelanto,0.0,1.0,0.0
cat__City_Acton,0.0,1.0,0.0
cat__City_Alpaugh,0.0,1.0,0.0
cat__City_Alta,0.0,1.0,0.0
cat__City_Applegate,0.0,1.0,0.0
cat__City_Angelus Oaks,0.0,1.0,0.0
cat__City_Apple Valley,0.0,1.0,0.0
cat__City_Anza,0.0,1.0,0.0
cat__City_Antioch,0.0,1.0,0.0
cat__City_Antelope,0.0,1.0,0.0
cat__City_Annapolis,0.0,1.0,0.0
cat__City_Angwin,0.0,1.0,0.0
cat__City_Angels Camp,0.0,1.0,0.0
cat__City_Altadena,0.0,1.0,0.0
cat__City_Anderson,0.0,1.0,0.0
cat__City_Anaheim,0.0,1.0,0.0
cat__City_Amboy,0.0,1.0,0.0
cat__City_Amador City,0.0,1.0,0.0
cat__City_Alviso,0.0,1.0,0.0
cat__City_Alturas,0.0,1.0,0.0
cat__City_Belmont,0.0,1.0,0.0
cat__City_Belvedere Tiburon,0.0,1.0,0.0
cat__City_Ben Lomond,0.0,1.0,0.0
cat__City_Brookdale,0.0,1.0,0.0
cat__City_Burbank,0.0,1.0,0.0
cat__City_Buena Park,0.0,1.0,0.0
cat__City_Buellton,0.0,1.0,0.0
cat__City_Brownsville,0.0,1.0,0.0
cat__City_Browns Valley,0.0,1.0,0.0
cat__City_Brooks,0.0,1.0,0.0
cat__City_Brisbane,0.0,1.0,0.0
cat__City_Burney,0.0,1.0,0.0
cat__City_Bridgeville,0.0,1.0,0.0
cat__City_Bridgeport,0.0,1.0,0.0
cat__City_Brentwood,0.0,1.0,0.0
cat__City_Brea,0.0,1.0,0.0
cat__City_Brawley,0.0,1.0,0.0
cat__City_Branscomb,0.0,1.0,0.0
cat__City_Burlingame,0.0,1.0,0.0
cat__City_Burnt Ranch,0.0,1.0,0.0
cat__City_Benicia,0.0,1.0,0.0
cat__City_California City,0.0,1.0,0.0
cat__City_Calpine,0.0,1.0,0.0
cat__City_Callahan,0.0,1.0,0.0
cat__City_Calistoga,0.0,1.0,0.0
cat__City_Calipatria,0.0,1.0,0.0
cat__City_Calimesa,0.0,1.0,0.0
cat__City_California Hot Springs,0.0,1.0,0.0
cat__City_Caliente,0.0,1.0,0.0
cat__City_Burson,0.0,1.0,0.0
cat__City_Calexico,0.0,1.0,0.0
cat__City_Calabasas,0.0,1.0,0.0
cat__City_Cabazon,0.0,1.0,0.0
cat__City_Byron,0.0,1.0,0.0
cat__City_Buttonwillow,0.0,1.0,0.0
cat__City_Butte City,0.0,1.0,0.0
cat__City_Bradley,0.0,1.0,0.0
cat__City_Boulevard,0.0,1.0,0.0
cat__City_Boulder Creek,0.0,1.0,0.0
cat__City_Big Bear City,0.0,1.0,0.0
cat__City_Big Sur,0.0,1.0,0.0
cat__City_Big Pine,0.0,1.0,0.0
cat__City_Big Oak Flat,0.0,1.0,0.0
cat__City_Big Creek,0.0,1.0,0.0
cat__City_Big Bend,0.0,1.0,0.0
cat__City_Big Bear Lake,0.0,1.0,0.0
cat__City_Big Bar,0.0,1.0,0.0
cat__City_Borrego Springs,0.0,1.0,0.0
cat__City_Bieber,0.0,1.0,0.0
cat__City_Beverly Hills,0.0,1.0,0.0
cat__City_Bethel Island,0.0,1.0,0.0
cat__City_Berry Creek,0.0,1.0,0.0
cat__City_Berkeley,0.0,1.0,0.0
cat__City_Benton,0.0,1.0,0.0
cat__City_Biggs,0.0,1.0,0.0
cat__City_Biola,0.0,1.0,0.0
cat__City_Birds Landing,0.0,1.0,0.0
cat__City_Bishop,0.0,1.0,0.0
cat__City_Blairsden Graeagle,0.0,1.0,0.0
cat__City_Blocksburg,0.0,1.0,0.0
cat__City_Bloomington,0.0,1.0,0.0
cat__City_Blue Lake,0.0,1.0,0.0
cat__City_Blythe,0.0,1.0,0.0
cat__City_Bodega,0.0,1.0,0.0
cat__City_Bodega Bay,0.0,1.0,0.0
cat__City_Bodfish,0.0,1.0,0.0
cat__City_Bolinas,0.0,1.0,0.0
cat__City_Bonita,0.0,1.0,0.0
cat__City_Bonsall,0.0,1.0,0.0
cat__City_Boonville,0.0,1.0,0.0
cat__City_Boron,0.0,1.0,0.0
cat__City_Echo Lake,0.0,1.0,0.0
cat__City_Dutch Flat,0.0,1.0,0.0
cat__City_El Cajon,0.0,1.0,0.0
cat__City_Kenwood,0.0,1.0,0.0
cat__City_Kings Beach,0.0,1.0,0.0
cat__City_King City,0.0,1.0,0.0
cat__City_Keyes,0.0,1.0,0.0
cat__City_Kettleman City,0.0,1.0,0.0
cat__City_Kernville,0.0,1.0,0.0
cat__City_Kerman,0.0,1.0,0.0
cat__City_Kelseyville,0.0,1.0,0.0
cat__City_Kirkwood,0.0,1.0,0.0
cat__City_Keene,0.0,1.0,0.0
cat__City_Keeler,0.0,1.0,0.0
cat__City_June Lake,0.0,1.0,0.0
cat__City_Junction City,0.0,1.0,0.0
cat__City_Julian,0.0,1.0,0.0
cat__City_Joshua Tree,0.0,1.0,0.0
cat__City_Kingsburg,0.0,1.0,0.0
cat__City_Klamath,0.0,1.0,0.0
cat__City_Johannesburg,0.0,1.0,0.0
cat__City_La Habra,0.0,1.0,0.0
cat__City_La Puente,0.0,1.0,0.0
cat__City_La Palma,0.0,1.0,0.0
cat__City_La Mirada,0.0,1.0,0.0
cat__City_La Mesa,0.0,1.0,0.0
cat__City_La Jolla,0.0,1.0,0.0
cat__City_La Honda,0.0,1.0,0.0
cat__City_La Grange,0.0,1.0,0.0
cat__City_Klamath River,0.0,1.0,0.0
cat__City_La Crescenta,0.0,1.0,0.0
cat__City_La Canada Flintridge,0.0,1.0,0.0
cat__City_Kyburz,0.0,1.0,0.0
cat__City_Korbel,0.0,1.0,0.0
cat__City_Knights Landing,0.0,1.0,0.0
cat__City_Kneeland,0.0,1.0,0.0
cat__City_Jolon,0.0,1.0,0.0
cat__City_Jenner,0.0,1.0,0.0
cat__City_Holtville,0.0,1.0,0.0
cat__City_Hughson,0.0,1.0,0.0
cat__City_Hydesville,0.0,1.0,0.0
cat__City_Hyampom,0.0,1.0,0.0
cat__City_Huron,0.0,1.0,0.0
cat__City_Huntington Park,0.0,1.0,0.0
cat__City_Huntington Beach,0.0,1.0,0.0
cat__City_Hume,0.0,1.0,0.0
cat__City_Hornitos,0.0,1.0,0.0
cat__City_Igo,0.0,1.0,0.0
cat__City_Hornbrook,0.0,1.0,0.0
cat__City_Hopland,0.0,1.0,0.0
cat__City_El Centro,0.0,1.0,0.0
cat__City_Hood,0.0,1.0,0.0
cat__City_Honeydew,0.0,1.0,0.0
cat__City_Homewood,0.0,1.0,0.0
cat__City_Idyllwild,0.0,1.0,0.0
cat__City_Imperial,0.0,1.0,0.0
cat__City_Janesville,0.0,1.0,0.0
cat__City_Irvine,0.0,1.0,0.0
cat__City_Jamul,0.0,1.0,0.0
cat__City_Jamestown,0.0,1.0,0.0
cat__City_Jacumba,0.0,1.0,0.0
cat__City_Jackson,0.0,1.0,0.0
cat__City_Ivanhoe,0.0,1.0,0.0
cat__City_Isleton,0.0,1.0,0.0
cat__City_Ione,0.0,1.0,0.0
cat__City_Imperial Beach,0.0,1.0,0.0
cat__City_Inyokern,0.0,1.0,0.0
cat__City_Inverness,0.0,1.0,0.0
cat__City_Inglewood,0.0,1.0,0.0
cat__City_Indio,0.0,1.0,0.0
cat__City_Indian Wells,0.0,1.0,0.0
cat__City_Independence,0.0,1.0,0.0
cat__City_La Quinta,0.0,1.0,0.0
cat__City_La Verne,0.0,1.0,0.0
cat__City_Ladera Ranch,0.0,1.0,0.0
cat__City_Lockeford,0.0,1.0,0.0
cat__City_Lomita,0.0,1.0,0.0
cat__City_Loma Mar,0.0,1.0,0.0
cat__City_Loma Linda,0.0,1.0,0.0
cat__City_Loleta,0.0,1.0,0.0
cat__City_Lodi,0.0,1.0,0.0
cat__City_Lockwood,0.0,1.0,0.0
cat__City_Llano,0.0,1.0,0.0
cat__City_Lone Pine,0.0,1.0,0.0
cat__City_Livingston,0.0,1.0,0.0
cat__City_Livermore,0.0,1.0,0.0
cat__City_Live Oak,0.0,1.0,0.0
cat__City_Littlerock,0.0,1.0,0.0
cat__City_Little River,0.0,1.0,0.0
cat__City_Litchfield,0.0,1.0,0.0
cat__City_Lompoc,0.0,1.0,0.0
cat__City_Long Barn,0.0,1.0,0.0
cat__City_Lafayette,0.0,1.0,0.0
cat__City_Los Gatos,0.0,1.0,0.0
cat__City_Lower Lake,0.0,1.0,0.0
cat__City_Lotus,0.0,1.0,0.0
cat__City_Lost Hills,0.0,1.0,0.0
cat__City_Los Osos,0.0,1.0,0.0
cat__City_Los Olivos,0.0,1.0,0.0
cat__City_Los Molinos,0.0,1.0,0.0
cat__City_Los Banos,0.0,1.0,0.0
cat__City_Long Beach,0.0,1.0,0.0
cat__City_Los Angeles,0.0,1.0,0.0
cat__City_Los Altos,0.0,1.0,0.0
cat__City_Los Alamos,0.0,1.0,0.0
cat__City_Los Alamitos,0.0,1.0,0.0
cat__City_Loomis,0.0,1.0,0.0
cat__City_Lookout,0.0,1.0,0.0
cat__City_Lindsay,0.0,1.0,0.0
cat__City_Linden,0.0,1.0,0.0
cat__City_Lincoln,0.0,1.0,0.0
cat__City_Lake Forest,0.0,1.0,0.0
cat__City_Lakeside,0.0,1.0,0.0
cat__City_Lakeshore,0.0,1.0,0.0
cat__City_Lakeport,0.0,1.0,0.0
cat__City_Lakehead,0.0,1.0,0.0
cat__City_Lake Isabella,0.0,1.0,0.0
cat__City_Lake Hughes,0.0,1.0,0.0
cat__City_Lake Elsinore,0.0,1.0,0.0
cat__City_Likely,0.0,1.0,0.0
cat__City_Lake City,0.0,1.0,0.0
cat__City_Lake Arrowhead,0.0,1.0,0.0
cat__City_Lagunitas,0.0,1.0,0.0
cat__City_Laguna Niguel,0.0,1.0,0.0
cat__City_Laguna Hills,0.0,1.0,0.0
cat__City_Laguna Beach,0.0,1.0,0.0
cat__City_Lakewood,0.0,1.0,0.0
cat__City_Lamont,0.0,1.0,0.0
cat__City_Lancaster,0.0,1.0,0.0
cat__City_Landers,0.0,1.0,0.0
cat__City_Larkspur,0.0,1.0,0.0
cat__City_Lathrop,0.0,1.0,0.0
cat__City_Laton,0.0,1.0,0.0
cat__City_Lawndale,0.0,1.0,0.0
cat__City_Laytonville,0.0,1.0,0.0
cat__City_Le Grand,0.0,1.0,0.0
cat__City_Lebec,0.0,1.0,0.0
cat__City_Lee Vining,0.0,1.0,0.0
cat__City_Leggett,0.0,1.0,0.0
cat__City_Lemon Cove,0.0,1.0,0.0
cat__City_Lemon Grove,0.0,1.0,0.0
cat__City_Lemoore,0.0,1.0,0.0
cat__City_Lewiston,0.0,1.0,0.0
cat__City_Homeland,0.0,1.0,0.0
cat__City_Hoopa,0.0,1.0,0.0
cat__City_Hollister,0.0,1.0,0.0
cat__City_Folsom,0.0,1.0,0.0
cat__City_Forest Ranch,0.0,1.0,0.0
cat__City_Forest Knolls,0.0,1.0,0.0
cat__City_Forest Falls,0.0,1.0,0.0
cat__City_Forbestown,0.0,1.0,0.0
cat__City_Foothill Ranch,0.0,1.0,0.0
cat__City_Fontana,0.0,1.0,0.0
cat__City_Flournoy,0.0,1.0,0.0
cat__City_Forestville,0.0,1.0,0.0
cat__City_Five Points,0.0,1.0,0.0
cat__City_Fish Camp,0.0,1.0,0.0
cat__City_Firebaugh,0.0,1.0,0.0
cat__City_Fillmore,0.0,1.0,0.0
cat__City_Fields Landing,0.0,1.0,0.0
cat__City_Fiddletown,0.0,1.0,0.0
cat__City_Foresthill,0.0,1.0,0.0
cat__City_Forks Of Salmon,0.0,1.0,0.0
cat__City_Felton,0.0,1.0,0.0
cat__City_Freedom,0.0,1.0,0.0
cat__City_Fullerton,0.0,1.0,0.0
cat__City_Friant,0.0,1.0,0.0
cat__City_Fresno,0.0,1.0,0.0
cat__City_Hinkley,0.0,1.0,0.0
cat__City_French Camp,0.0,1.0,0.0
cat__City_Fremont,0.0,1.0,0.0
cat__City_Frazier Park,0.0,1.0,0.0
cat__City_Fort Bidwell,0.0,1.0,0.0
cat__City_Fowler,0.0,1.0,0.0
cat__City_Fountain Valley,0.0,1.0,0.0
cat__City_Fortuna,0.0,1.0,0.0
cat__City_Fort Jones,0.0,1.0,0.0
cat__City_Fort Irwin,0.0,1.0,0.0
cat__City_Fort Bragg,0.0,1.0,0.0
cat__City_Ferndale,0.0,1.0,0.0
cat__City_Fellows,0.0,1.0,0.0
cat__City_Galt,0.0,1.0,0.0
cat__City_El Sobrante,0.0,1.0,0.0
cat__City_Elverta,0.0,1.0,0.0
cat__City_Elmira,0.0,1.0,0.0
cat__City_Elk Grove,0.0,1.0,0.0
cat__City_Elk Creek,0.0,1.0,0.0
cat__City_Elk,0.0,1.0,0.0
cat__City_Eldridge,0.0,1.0,0.0
cat__City_El Segundo,0.0,1.0,0.0
cat__City_Emigrant Gap,0.0,1.0,0.0
cat__City_El Portal,0.0,1.0,0.0
cat__City_El Nido,0.0,1.0,0.0
cat__City_El Monte,0.0,1.0,0.0
cat__City_El Dorado Hills,0.0,1.0,0.0
cat__City_El Dorado,0.0,1.0,0.0
cat__City_El Cerrito,0.0,1.0,0.0
cat__City_Emeryville,0.0,1.0,0.0
cat__City_Encinitas,0.0,1.0,0.0
cat__City_Fawnskin,0.0,1.0,0.0
cat__City_Fair Oaks,0.0,1.0,0.0
cat__City_Farmington,0.0,1.0,0.0
cat__City_Farmersville,0.0,1.0,0.0
cat__City_Fallbrook,0.0,1.0,0.0
cat__City_Fall River Mills,0.0,1.0,0.0
cat__City_Fairfield,0.0,1.0,0.0
cat__City_Fairfax,0.0,1.0,0.0
cat__City_Exeter,0.0,1.0,0.0
cat__City_Encino,0.0,1.0,0.0
cat__City_Eureka,0.0,1.0,0.0
cat__City_Etna,0.0,1.0,0.0
cat__City_Essex,0.0,1.0,0.0
cat__City_Esparto,0.0,1.0,0.0
cat__City_Escondido,0.0,1.0,0.0
cat__City_Escalon,0.0,1.0,0.0
cat__City_Fulton,0.0,1.0,0.0
cat__City_French Gulch,0.0,1.0,0.0
cat__City_Garberville,0.0,1.0,0.0
cat__City_Hacienda Heights,0.0,1.0,0.0
cat__City_Hat Creek,0.0,1.0,0.0
cat__City_Harbor City,0.0,1.0,0.0
cat__City_Happy Camp,0.0,1.0,0.0
cat__City_Hanford,0.0,1.0,0.0
cat__City_Hamilton City,0.0,1.0,0.0
cat__City_Half Moon Bay,0.0,1.0,0.0
cat__City_Gustine,0.0,1.0,0.0
cat__City_Hawaiian Gardens,0.0,1.0,0.0
cat__City_Guinda,0.0,1.0,0.0
cat__City_Guerneville,0.0,1.0,0.0
cat__City_Garden Grove,0.0,1.0,0.0
cat__City_Gualala,0.0,1.0,0.0
cat__City_Guadalupe,0.0,1.0,0.0
cat__City_Grover Beach,0.0,1.0,0.0
cat__City_Hathaway Pines,0.0,1.0,0.0
cat__City_Hawthorne,0.0,1.0,0.0
cat__City_Grizzly Flats,0.0,1.0,0.0
cat__City_Hercules,0.0,1.0,0.0
cat__City_Hilmar,0.0,1.0,0.0
cat__City_Highland,0.0,1.0,0.0
cat__City_Hickman,0.0,1.0,0.0
cat__City_Hesperia,0.0,1.0,0.0
cat__City_Hermosa Beach,0.0,1.0,0.0
cat__City_Herlong,0.0,1.0,0.0
cat__City_Herald,0.0,1.0,0.0
cat__City_Hayfork,0.0,1.0,0.0
cat__City_Hemet,0.0,1.0,0.0
cat__City_Helm,0.0,1.0,0.0
cat__City_Helendale,0.0,1.0,0.0
cat__City_Heber,0.0,1.0,0.0
cat__City_Healdsburg,0.0,1.0,0.0
cat__City_Hayward,0.0,1.0,0.0
cat__City_Groveland,0.0,1.0,0.0
cat__City_Guatay,0.0,1.0,0.0
cat__City_Grimes,0.0,1.0,0.0
cat__City_Gilroy,0.0,1.0,0.0
cat__City_Glenhaven,0.0,1.0,0.0
cat__City_Gridley,0.0,1.0,0.0
cat__City_Glendora,0.0,1.0,0.0
cat__City_Glendale,0.0,1.0,0.0
cat__City_Glencoe,0.0,1.0,0.0
cat__City_Glen Ellen,0.0,1.0,0.0
cat__City_Geyserville,0.0,1.0,0.0
cat__City_Glennville,0.0,1.0,0.0
cat__City_Gerber,0.0,1.0,0.0
cat__City_Georgetown,0.0,1.0,0.0
cat__City_Gazelle,0.0,1.0,0.0
cat__City_Gasquet,0.0,1.0,0.0
cat__City_Gardena,0.0,1.0,0.0
cat__City_Garden Valley,0.0,1.0,0.0
cat__City_Glenn,0.0,1.0,0.0
cat__Payment_Method_Mailed check,0.0,1.0,0.0
cat__City_Gold Run,0.0,1.0,0.0
cat__City_Graton,0.0,1.0,0.0
cat__City_Greenville,0.0,1.0,0.0
cat__City_Greenview,0.0,1.0,0.0
cat__City_Greenfield,0.0,1.0,0.0
cat__City_Greenbrae,0.0,1.0,0.0
cat__City_Goleta,0.0,1.0,0.0
cat__City_Green Valley Lake,0.0,1.0,0.0
cat__City_Grenada,0.0,1.0,0.0
cat__City_Greenwood,0.0,1.0,0.0
cat__City_Grass Valley,0.0,1.0,0.0
cat__City_Granite Bay,0.0,1.0,0.0
cat__City_Grand Terrace,0.0,1.0,0.0
cat__City_Granada Hills,0.0,1.0,0.0
cat__City_Goodyears Bar,0.0,1.0,0.0
cat__City_Gonzales,0.0,1.0,0.0
cat__Tech_Support_No internet service,-0.00043113989524902333,0.9995689530322003,0.00043113989524902333
num__Longitude,-0.023576362869156157,0.9766993882534736,0.023576362869156157
cat__Online_Backup_Yes,-0.08029639278414745,0.92284278190591,0.08029639278414745
cat__Tech_Support_Yes,-0.32697499415917086,0.7211017745573555,0.32697499415917086
cat__Online_Security_Yes,-0.35562249075318164,0.7007371050461241,0.35562249075318164
cat__Phone_Service_Yes,-0.4395275792185462,0.6443407491522662,0.4395275792185462
cat__Device_Protection_No internet service,-0.5133835738968828,0.5984671911815015,0.5133835738968828
cat__Contract_One year,-0.6958373607749653,0.49865671753855945,0.6958373607749653
num__Tenure_Months,-0.9259146037354533,0.39616891575659635,0.9259146037354533
cat__Contract_Two year,-1.2406299166181647,0.2892019874121805,1.2406299166181647
cat__Dependents_Yes,-1.4993384617200378,0.2232778181260994,1.4993384617200378
